greek,39.656,-28.056
southern_us,-27.445,-24.168
filipino,-72.668,10.382
indian,-16.642,36.376
indian,25.452,54.442
jamaican,82.144,34.575
spanish,9.6622,34.307
italian,27.081,36.002
mexican,94.893,-4.0258
italian,-34.956,-74.629
italian,8.1852,-21.642
chinese,56.103,-55.473
italian,55.113,-55.633
mexican,19.463,65.464
italian,16.993,-16.21
indian,15.332,71.864
british,-52.478,9.7269
italian,87.173,-34.397
thai,62.429,59.231
vietnamese,4.7757,-79.014
thai,-69.881,-21.713
mexican,15.248,72.011
southern_us,12.636,76.885
chinese,2.6396,-26.158
italian,82.545,-40.173
chinese,94.441,-14.275
cajun_creole,3.0093,9.6675
italian,5.7598,-76.574
chinese,9.6935,34.321
mexican,-43.607,43.475
italian,5.5629,8.655
cajun_creole,-37.098,-66.2
mexican,-52.904,9.8757
thai,94.952,-7.5999
italian,-41.77,4.8503
cajun_creole,-18.396,-3.5961
italian,-36.095,2.4328
filipino,-77.693,10.392
southern_us,75.66,-46.076
southern_us,-15.85,19.005
italian,-16.316,7.5235
brazilian,50.665,71.98
mexican,74.577,-46.873
indian,-45.117,6.5957
mexican,16.661,-16.249
chinese,0.64781,-28.28
french,1.7093,-84.764
southern_us,-0.97138,-88.123
southern_us,47.36,74.962
southern_us,73.425,46.544
japanese,-38.264,28.899
southern_us,-80.985,-39.879
italian,-20.574,88.881
southern_us,-37.386,-63.366
italian,-81.086,42.675
jamaican,94.489,0.15695
japanese,30.802,36.031
indian,-36.119,-70.998
italian,-65.86,53.55
irish,-10.741,96.378
thai,-34.534,-41.711
thai,-87.12,14.35
indian,-34.125,-40.754
jamaican,-32.576,-36.008
italian,16.228,70.387
thai,-39.315,30.374
korean,-85.129,38.56
french,-18.235,91.506
french,-63.508,11.213
southern_us,2.6421,31.605
spanish,-43.848,42.421
indian,23.546,36.058
moroccan,-15.85,18.922
italian,55.999,66.465
italian,33.236,-46.739
moroccan,-66.348,-55.675
moroccan,-26.758,-23.107
vietnamese,55.307,-2.106
japanese,-27.616,63.288
mexican,60.792,61.114
cajun_creole,-22.34,-13.738
southern_us,53.047,69.6
french,53.067,69.579
indian,94.797,-1.903
indian,20.348,64.151
italian,-36.71,-50.903
italian,-37.265,-55.014
indian,-38.886,30.397
korean,-5.0695,-38.714
spanish,-53.205,10.186
italian,-59.099,11.197
southern_us,-72.232,-51.475
southern_us,-91.336,24.974
greek,2.0263,31.232
mexican,-34.204,1.8514
mexican,-15.985,12.612
southern_us,53.977,-4.8388
indian,-35.711,2.305
italian,-72.088,-22.301
italian,-33.953,-40.408
italian,89.85,-29.582
japanese,-69.018,51.831
italian,-16.212,8.7823
greek,-22.786,85.402
korean,31.376,36.037
indian,15.663,35.656
mexican,77.54,41.477
southern_us,64.471,-52.306
irish,80.68,36.887
korean,82.204,-40.889
chinese,-67.456,52.816
mexican,51.235,71.201
southern_us,-22.1,-13.214
chinese,-37.571,-57.666
moroccan,-69.8,10.621
irish,-47.535,7.8347
chinese,92.216,11.928
irish,19.433,35.916
mexican,24.171,35.99
italian,-73.955,48.445
italian,-37.269,-55.047
italian,43.36,-21.552
jamaican,36.047,-36.914
mexican,-34.458,-41.462
japanese,69.049,-50.115
spanish,15.645,35.655
chinese,4.7271,32.677
mexican,59.672,62.381
british,47.412,74.915
indian,12.996,76.175
thai,4.8366,-24.201
southern_us,-71.483,50.192
mexican,-15.902,22.83
spanish,-25.784,-87.935
french,-16.802,3.5467
italian,9.3761,83.343
indian,-37.406,-56.665
british,-83.67,40.15
spanish,-2.9893,-33.447
italian,-38.029,3.1513
korean,-36.349,-48.996
indian,-81.927,42.072
mexican,22.261,6.5051
mexican,11.41,79.343
southern_us,-22.908,-14.946
french,-28.483,-85.334
cajun_creole,-4.8253,-91.064
indian,-82.151,11.499
chinese,73.394,-47.578
italian,5.0341,-24.037
italian,-18.759,47.16
italian,-20.612,51.901
southern_us,-70.97,50.537
greek,-22.283,54.824
japanese,93.672,6.3367
cajun_creole,-37.454,-56.979
italian,-33.1,1.5706
korean,-70.752,10.746
mexican,-28.21,-85.627
indian,-24.488,-18.189
italian,-4.3163,-49.671
mexican,-11.517,-93.122
korean,-32.677,-36.277
chinese,23.094,6.6353
french,15.154,35.599
chinese,-7.8945,96.695
spanish,93.565,6.6873
chinese,-0.08868,-29.156
spanish,-3.2036,-33.891
japanese,-24.442,-89.268
mexican,-5.6654,-43.061
french,76.436,-45.52
japanese,-17.734,92.064
mexican,-91.257,22.159
italian,19.925,35.921
filipino,-15.853,19.936
southern_us,5.541,89.543
italian,-27.702,-24.706
italian,5.4627,89.642
chinese,-0.09142,-87.16
mexican,-48.261,8.1814
indian,-20.571,-91.292
korean,-22.528,-14.142
mexican,-28.473,68.461
mexican,-37.38,-63.466
japanese,-36.831,-67.899
greek,-90.414,19.055
mexican,0.07076,94.607
southern_us,2.9448,-25.863
chinese,-18.139,-2.705
british,29.635,-61.147
japanese,-70.887,10.341
italian,-18.413,45.989
mexican,14.757,35.548
irish,15.134,6.316
greek,-45.695,6.6654
cajun_creole,-88.882,33.138
japanese,2.7968,31.696
italian,1.9534,31.205
southern_us,60.451,61.499
southern_us,58.063,18.524
southern_us,73.96,45.89
italian,29.445,8.8006
indian,58.577,10.564
chinese,-16.373,6.9107
japanese,-24.064,-89.553
mexican,5.6376,-77.043
mexican,-73.192,48.996
french,-66.415,53.8
mexican,-16.254,8.2494
mexican,-39.506,31.108
irish,45.871,76.206
chinese,-28.49,67.921
mexican,58.565,10.405
greek,4.2677,-80.124
korean,-39.155,30.153
mexican,81.343,35.908
spanish,-23.194,84.074
italian,94.866,-9.9142
southern_us,81.763,35.517
italian,7.8401,33.938
mexican,19.699,6.2354
french,-17.814,-1.4454
mexican,58.464,15.758
french,-13.147,95.505
filipino,-43.862,44.554
mexican,-46.083,6.9431
mexican,66.402,54.676
italian,5.6422,-23.537
mexican,-77.563,45.688
southern_us,-73.187,49.0
italian,4.226,91.059
japanese,-20.387,51.453
italian,66.764,-51.259
mexican,57.362,21.756
mexican,-27.184,63.485
southern_us,49.477,73.081
southern_us,15.819,70.857
italian,-75.197,-23.857
jamaican,6.5712,-58.087
italian,-1.2382,-30.66
korean,65.749,-51.653
southern_us,-24.757,-18.729
indian,-1.0735,-54.05
italian,1.3787,-27.468
indian,-88.827,16.215
mexican,-28.093,-25.533
korean,67.267,-51.015
southern_us,22.376,35.973
vietnamese,2.4845,92.82
korean,81.761,34.829
indian,-40.482,33.025
southern_us,-47.233,7.6892
mexican,-82.658,41.188
mexican,-2.9435,-89.878
italian,-27.047,-22.941
italian,57.566,64.745
korean,-3.3782,-51.34
thai,17.034,-16.148
southern_us,-36.693,2.8197
chinese,94.788,-10.91
french,56.648,24.901
greek,46.636,-16.304
southern_us,50.831,71.83
mexican,0.68369,-28.239
indian,49.333,73.214
southern_us,54.203,-4.3901
mexican,-1.366,95.37
japanese,-16.823,3.4114
british,-4.3224,-36.411
japanese,-4.536,-49.217
mexican,0.74071,-86.138
filipino,-5.0178,-91.164
mexican,-37.352,-55.924
mexican,-30.227,-82.995
indian,6.083,-76.48
mexican,55.175,67.361
indian,-27.676,63.535
greek,1.7065,-55.98
italian,14.018,6.461
mexican,-37.159,-54.072
chinese,-35.477,24.002
cajun_creole,-5.0286,-47.797
italian,-4.0017,-50.277
mexican,15.827,35.666
italian,-86.306,37.119
italian,91.51,-25.375
italian,80.858,36.619
chinese,95.008,-1.3343
italian,-11.743,-93.129
thai,-26.835,62.398
southern_us,-30.112,-83.133
italian,83.553,-39.266
mexican,77.018,41.847
filipino,3.1499,9.6221
indian,-85.326,13.008
filipino,-20.833,-10.576
italian,-32.338,-35.388
italian,-28.447,-26.293
mexican,60.846,61.049
mexican,-33.791,1.7374
italian,94.956,-0.67482
indian,-47.356,7.747
indian,4.1272,32.475
thai,56.528,-55.34
vietnamese,24.821,7.1804
cajun_creole,-22.981,84.631
mexican,-33.844,-39.5
mexican,14.162,-17.507
southern_us,-31.089,-31.89
chinese,15.795,35.664
italian,-34.559,-75.662
korean,46.48,-16.545
french,-15.913,14.518
chinese,-20.623,-91.267
british,1.7379,93.451
indian,21.701,62.029
chinese,90.965,-27.135
korean,-76.458,10.322
chinese,-68.811,51.966
indian,-89.39,16.948
italian,-62.738,11.239
italian,-57.308,-20.817
chinese,-90.759,28.746
indian,9.4257,34.766
southern_us,91.148,15.218
korean,23.971,6.9246
vietnamese,16.704,-16.383
indian,82.559,-40.142
japanese,86.512,-35.408
moroccan,-43.643,43.909
moroccan,75.714,43.708
italian,-16.062,11.102
indian,-82.728,41.123
mexican,-18.207,45.248
mexican,81.578,35.152
mexican,94.932,-5.511
southern_us,-43.774,44.408
chinese,-28.458,67.473
cajun_creole,15.997,35.682
french,-7.1911,-92.148
indian,-88.646,15.846
chinese,-14.536,94.753
southern_us,6.1319,-75.964
french,29.693,8.9264
thai,-58.418,11.156
mexican,-7.7262,-92.349
mexican,53.272,69.37
french,3.0047,-82.621
italian,4.0952,-80.479
italian,-16.603,36.091
french,40.046,-27.173
greek,-15.902,22.833
italian,-43.924,44.424
indian,65.168,-52.052
filipino,94.288,2.5215
french,32.793,-48.588
moroccan,-49.453,8.7306
indian,-10.933,-93.068
vietnamese,-12.847,-93.132
thai,87.315,-34.172
mexican,-64.697,11.135
mexican,-35.952,-47.097
filipino,-39.431,3.7459
italian,24.828,56.381
chinese,-91.348,23.679
italian,9.0311,7.5216
cajun_creole,26.784,7.6872
korean,-17.712,43.092
russian,29.84,9.0011
italian,-3.0185,-51.867
irish,-84.355,39.412
vietnamese,-11.634,96.1
japanese,7.7937,-22.002
chinese,-54.666,10.546
cajun_creole,-35.474,-45.097
italian,-2.4155,95.769
french,2.5152,-83.483
moroccan,-35.352,-44.627
southern_us,53.949,-5.1168
brazilian,16.011,70.727
chinese,-18.073,-2.4565
korean,-16.776,37.496
italian,-66.3,53.206
italian,68.731,52.044
italian,0.59698,-28.338
spanish,-22.601,-14.299
southern_us,-30.555,-31.53
italian,-91.044,20.997
italian,91.736,-24.696
french,-36.144,-47.996
italian,-15.85,19.261
italian,-22.696,-90.187
mexican,94.485,-0.88693
greek,-18.855,47.468
french,21.685,62.328
spanish,-18.582,91.74
japanese,23.629,6.7311
italian,49.263,73.279
japanese,24.734,56.588
greek,-83.629,11.876
japanese,-82.033,11.45
chinese,93.269,7.9983
mexican,25.611,35.992
italian,-34.318,-40.417
thai,25.037,35.992
chinese,-5.6424,-42.321
mexican,6.1675,8.4381
british,-19.776,-7.7161
japanese,-15.854,20.072
mexican,-0.48834,-87.613
mexican,66.803,54.211
southern_us,10.214,-20.187
indian,-19.259,48.628
cajun_creole,-24.274,-17.755
japanese,-78.789,44.683
greek,-16.503,5.705
chinese,-52.151,10.038
thai,-89.084,32.926
chinese,18.881,35.878
cajun_creole,67.645,53.244
indian,44.472,77.135
italian,13.949,74.365
brazilian,32.121,10.363
mexican,-51.54,9.6842
chinese,-36.611,-50.347
italian,17.084,69.044
french,-18.308,92.041
mexican,63.66,57.82
greek,-37.728,27.968
russian,51.233,71.667
southern_us,48.286,-14.078
irish,-15.93,23.746
vietnamese,82.179,34.829
southern_us,3.6242,-25.235
jamaican,-16.681,4.3859
indian,94.821,-10.521
korean,-34.312,-40.878
italian,-6.8624,-92.007
italian,-35.349,-73.549
italian,-83.229,40.613
french,-10.128,-92.93
italian,-37.449,-61.673
thai,68.118,52.423
mexican,-22.032,-90.547
italian,-19.939,50.416
italian,3.6678,-81.346
thai,24.657,6.8195
greek,-32.329,-80.123
southern_us,-73.629,10.334
mexican,-29.565,-84.139
italian,6.028,8.4873
italian,-15.899,22.704
cajun_creole,-43.233,39.658
thai,-52.187,-21.446
mexican,-83.475,11.953
irish,75.073,-46.483
japanese,-24.207,-88.99
mexican,-32.208,-35.053
italian,4.5886,32.614
mexican,-2.6641,-32.466
italian,-66.093,53.929
italian,6.1897,-75.639
southern_us,-91.386,27.352
indian,4.6573,-79.266
italian,75.89,43.484
french,-3.3471,-51.392
japanese,3.078,-82.482
southern_us,-16.091,10.585
italian,-43.196,39.203
mexican,-2.8246,-33.085
british,-26.766,62.098
mexican,-82.346,11.122
mexican,-11.948,-93.139
french,19.016,66.125
moroccan,-15.859,20.594
chinese,-4.9334,-38.236
korean,-23.266,56.762
indian,-15.854,17.841
chinese,15.98,70.875
southern_us,-5.5418,-41.376
italian,3.7851,31.993
mexican,80.033,37.841
southern_us,-90.811,20.176
cajun_creole,93.316,-19.566
southern_us,-86.719,14.011
spanish,-90.302,18.778
italian,47.709,74.66
vietnamese,11.52,35.01
korean,73.643,46.262
chinese,-88.318,15.505
italian,-30.182,-83.551
southern_us,-17.125,39.922
filipino,1.8001,-84.632
filipino,20.502,63.925
chinese,-33.695,-77.601
italian,18.331,67.15
italian,-65.476,11.068
southern_us,64.527,56.832
british,2.2383,-56.4
french,80.414,37.279
mexican,4.5044,32.577
mexican,-21.669,87.186
mexican,-16.699,36.85
chinese,55.321,67.197
chinese,87.035,-34.614
mexican,56.286,24.462
irish,-82.258,41.598
italian,-77.334,10.364
brazilian,-65.547,53.986
mexican,-71.643,10.45
jamaican,58.615,11.371
irish,-43.589,42.399
italian,61.876,59.868
italian,-29.947,-29.589
cajun_creole,6.6005,88.066
greek,3.6293,91.705
mexican,9.2139,83.626
mexican,-15.865,16.715
mexican,94.366,-14.834
italian,81.175,36.129
southern_us,-82.501,11.223
spanish,65.882,-51.67
italian,13.662,74.902
moroccan,-3.3866,96.117
french,-40.685,33.444
mexican,-20.026,50.604
jamaican,-27.948,-25.223
french,3.0195,9.6629
mexican,94.857,-3.1002
indian,33.839,36.069
vietnamese,58.493,63.708
mexican,13.598,-17.892
french,75.463,44.026
italian,-82.987,40.862
filipino,2.5415,-83.438
italian,16.245,70.36
irish,2.1357,-84.112
greek,-75.995,46.924
irish,-1.9448,-31.777
italian,53.228,69.414
indian,91.546,-25.713
vietnamese,-15.859,17.22
italian,-68.234,52.331
italian,-5.731,-42.793
mexican,94.005,-16.942
thai,-23.592,57.298
japanese,42.723,-22.635
indian,-18.128,-2.6625
cajun_creole,-71.156,10.517
southern_us,39.461,-28.859
mexican,25.953,-68.956
indian,4.0351,-24.878
mexican,-63.18,-20.547
french,79.178,39.074
mexican,-32.503,-79.82
chinese,3.1286,92.215
italian,82.804,33.467
mexican,10.617,81.418
korean,48.753,73.736
moroccan,66.628,54.418
mexican,19.853,64.885
italian,-64.236,11.17
southern_us,-16.375,5.9115
mexican,28.753,36.012
italian,6.2807,-23.023
french,-16.809,3.5046
italian,-28.178,65.935
mexican,-42.988,38.936
italian,-66.552,-20.852
japanese,-21.119,-11.056
mexican,-26.405,-22.041
french,-90.199,30.422
mexican,-37.384,-63.397
indian,-20.384,51.389
italian,21.34,62.897
thai,-28.487,67.867
chinese,-80.455,43.246
chinese,86.046,-36.082
indian,-34.236,1.8617
mexican,-37.27,-64.837
southern_us,19.336,65.652
southern_us,4.8956,-57.843
mexican,10.021,34.657
mexican,-81.279,-39.064
italian,-65.759,53.945
japanese,-17.3,0.82269
southern_us,0.99325,-55.671
italian,56.463,24.091
italian,-4.4406,-49.422
italian,6.8441,33.56
mexican,25.153,55.64
italian,4.3353,-57.357
cajun_creole,-18.695,91.332
italian,-64.369,11.16
italian,60.458,61.492
italian,-7.8827,96.72
mexican,-35.098,-43.683
italian,4.0388,32.237
french,-87.102,36.038
southern_us,-16.725,35.707
irish,-11.806,96.038
mexican,65.758,-51.849
italian,-40.163,32.387
mexican,-66.231,53.239
indian,23.518,59.066
indian,91.252,-26.458
korean,-18.361,91.998
japanese,-43.899,43.157
thai,46.7,75.664
indian,56.833,23.864
mexican,-17.696,-0.95637
french,89.198,-30.888
mexican,64.897,56.407
italian,75.666,-46.071
japanese,-23.215,-15.325
italian,-43.596,41.739
greek,-84.933,38.776
italian,-16.689,4.3293
italian,-10.515,96.436
italian,-1.3638,-30.831
spanish,13.928,74.403
vietnamese,1.3999,-56.141
indian,49.48,73.076
greek,2.8591,-82.891
southern_us,-67.272,52.927
cajun_creole,-35.389,24.115
mexican,-22.5,55.284
indian,56.144,0.46295
mexican,-18.732,-4.6714
cajun_creole,-15.865,16.641
italian,-63.184,11.227
greek,58.63,12.5
southern_us,-35.821,24.723
southern_us,23.311,59.421
greek,-33.115,1.5708
chinese,-18.419,-3.6732
southern_us,-90.329,30.064
italian,69.573,51.038
thai,72.549,47.587
italian,1.6344,-56.184
mexican,58.166,17.937
southern_us,-43.494,41.122
southern_us,-78.914,-44.083
french,-71.346,50.284
french,-77.544,45.703
mexican,1.9269,-84.437
french,-28.301,66.454
chinese,9.3421,83.032
southern_us,-88.566,33.825
filipino,18.421,67.015
french,45.521,76.48
italian,-16.892,2.9773
cajun_creole,-80.37,-29.126
french,11.37,79.423
chinese,-82.0,11.116
chinese,-16.22,-92.814
mexican,62.848,58.754
irish,-24.286,-17.78
mexican,-5.191,-39.327
british,-22.58,-90.251
indian,-5.176,-39.245
spanish,93.06,8.8553
mexican,-4.6053,-37.187
italian,-34.908,-43.0
cajun_creole,-18.261,-92.275
italian,-79.313,44.24
mexican,-88.629,33.725
british,51.529,71.132
russian,-32.963,-37.056
italian,-86.049,13.508
irish,-22.452,54.984
chinese,-37.137,-53.894
mexican,5.7983,-58.077
italian,23.766,58.596
southern_us,-14.842,-92.994
italian,17.275,68.752
indian,-34.304,-76.282
italian,44.741,76.94
jamaican,35.545,-38.762
italian,4.4123,-57.395
korean,-19.75,49.927
italian,5.4792,-77.413
mexican,58.015,64.245
indian,-17.154,40.096
japanese,-81.782,-36.807
irish,1.6593,93.511
spanish,23.588,35.979
vietnamese,-35.615,-72.76
mexican,61.17,60.681
cajun_creole,81.712,-41.219
mexican,53.859,68.755
cajun_creole,-19.081,48.139
italian,75.555,-46.154
mexican,-30.704,-30.731
greek,-81.654,41.939
greek,-78.488,44.934
cajun_creole,90.52,-28.148
mexican,57.559,64.756
chinese,-39.337,30.984
southern_us,-66.73,10.95
irish,-67.462,10.873
southern_us,-40.752,4.3534
italian,-68.785,-21.269
italian,94.852,-8.1777
chinese,25.736,54.656
greek,-20.77,52.207
indian,55.43,67.099
french,33.36,36.021
french,3.3838,-25.453
southern_us,-28.206,66.043
filipino,53.738,-5.5151
italian,-80.093,-41.958
japanese,53.971,68.638
cajun_creole,-37.32,2.8332
southern_us,-43.702,42.254
mexican,57.991,18.911
cajun_creole,20.418,6.294
filipino,-4.7276,-48.334
indian,1.3292,30.794
spanish,-37.301,-57.285
southern_us,-39.466,3.7608
spanish,-1.9572,-53.166
southern_us,-70.023,10.599
brazilian,13.473,6.5461
italian,1.8323,-26.982
vietnamese,-1.3694,-53.779
italian,33.816,36.065
italian,-36.526,-69.376
korean,-5.511,-41.18
southern_us,-20.066,50.647
mexican,-1.1468,95.264
southern_us,21.783,62.102
southern_us,-15.977,12.789
italian,-82.403,41.452
mexican,-34.349,-76.172
italian,-35.834,-46.577
spanish,-21.587,-12.089
southern_us,10.002,81.863
greek,60.702,61.213
british,-37.345,-55.837
chinese,-0.67808,-54.374
british,-28.234,-25.832
filipino,55.536,-1.6061
jamaican,-19.387,90.455
italian,-10.92,96.328
thai,4.3626,9.1147
french,-89.555,17.236
french,-17.501,-92.52
italian,50.99,71.387
french,-34.744,-42.425
mexican,21.199,63.189
jamaican,-20.38,51.407
mexican,20.025,6.259
greek,-18.47,46.187
indian,-80.542,10.843
chinese,16.728,6.3216
italian,-38.513,29.332
mexican,-16.004,93.671
french,-46.745,7.5318
mexican,-16.13,9.9583
vietnamese,13.497,-18.137
chinese,-16.901,2.9228
moroccan,14.415,-17.799
indian,-27.518,63.044
mexican,14.435,-17.417
indian,-26.626,-22.456
french,-87.157,35.959
japanese,29.022,8.5959
indian,-88.508,33.914
mexican,44.949,76.983
thai,93.409,-19.885
italian,74.013,45.83
indian,6.14,-75.739
russian,-44.038,43.544
indian,-43.09,39.525
italian,-25.761,-87.955
japanese,-32.911,-79.087
russian,93.656,-18.63
french,88.692,-31.851
russian,-34.808,2.0265
cajun_creole,83.868,-38.873
southern_us,94.193,-15.926
mexican,57.636,4.9653
mexican,-37.29,-55.239
greek,23.739,6.7525
spanish,-37.478,27.544
cajun_creole,-43.814,42.909
southern_us,-61.662,11.245
british,-42.558,5.2464
italian,-15.851,19.604
spanish,86.421,-35.542
southern_us,-88.368,34.142
indian,-27.643,-86.209
mexican,-80.35,10.807
greek,-45.453,6.5928
southern_us,-35.568,24.291
italian,-36.414,2.5252
chinese,-2.3001,-52.771
french,-4.3716,96.365
russian,-40.068,4.0307
jamaican,-3.6628,96.205
korean,-52.853,9.8458
mexican,-23.769,-89.232
italian,3.2113,-25.612
french,-53.177,10.18
italian,-34.983,23.285
indian,-22.898,-14.926
mexican,-36.497,25.872
vietnamese,25.346,7.1972
mexican,-23.1,56.487
french,4.3421,-79.963
cajun_creole,3.5721,9.3937
mexican,8.8913,-21.073
mexican,-23.42,-16.102
mexican,5.8061,-76.624
italian,5.9671,-57.967
korean,-80.446,10.825
mexican,0.6954,-86.199
korean,58.491,15.518
italian,-69.345,10.669
italian,-23.926,57.835
mexican,-16.015,12.012
mexican,13.85,6.4862
italian,-50.649,-21.706
southern_us,92.981,9.1628
japanese,-36.487,2.4906
mexican,73.742,46.208
italian,-16.996,2.3644
italian,-16.957,-92.786
italian,16.95,6.0148
southern_us,9.567,83.279
mexican,11.84,35.076
italian,-17.203,1.2882
brazilian,-22.042,54.662
italian,65.236,-51.899
italian,58.437,14.327
italian,-8.5817,-92.583
thai,1.0611,-55.749
thai,4.8589,8.9214
chinese,79.64,38.416
brazilian,7.9308,85.903
mexican,22.224,61.243
indian,-43.588,42.611
british,-47.06,7.4849
thai,-4.903,-38.127
jamaican,-16.494,5.7497
japanese,59.596,-54.118
chinese,5.1306,-57.946
french,-81.351,11.032
indian,-35.745,-46.198
italian,13.671,-17.817
spanish,-17.076,1.936
chinese,26.274,7.4973
russian,-50.944,-21.766
italian,52.139,70.525
italian,-31.39,-81.633
mexican,60.338,-53.819
mexican,-75.628,-48.295
vietnamese,52.121,-56.579
southern_us,-27.129,63.339
moroccan,-19.306,-6.4128
italian,8.4917,84.929
japanese,69.351,51.293
russian,-9.8749,96.569
italian,31.53,9.9608
russian,-38.336,29.023
mexican,-22.629,85.215
italian,-36.322,25.576
italian,-5.6601,-42.422
japanese,-3.8458,-35.284
indian,-27.713,-24.729
chinese,-35.158,23.592
cajun_creole,77.934,40.802
italian,73.238,-47.675
italian,86.931,-34.775
chinese,14.982,6.3341
italian,25.138,55.372
italian,41.062,-25.656
southern_us,10.757,-19.835
italian,3.0132,-82.604
mexican,72.358,47.814
moroccan,-1.0173,95.001
chinese,15.125,72.235
mexican,-51.4,9.5734
indian,-34.319,-40.868
italian,-17.274,-92.67
irish,-35.526,-45.306
italian,53.375,-56.265
chinese,10.385,81.814
korean,-22.217,55.319
chinese,-33.744,-39.245
brazilian,-87.414,14.616
french,94.958,-7.3577
italian,92.128,-24.596
mexican,29.402,36.015
french,-89.212,16.507
italian,73.573,-47.46
french,57.113,65.243
southern_us,-15.998,12.353
southern_us,-58.42,11.156
mexican,9.4085,34.761
italian,23.506,59.086
italian,-91.339,23.228
italian,-34.473,-75.877
french,-65.828,53.606
jamaican,-71.681,50.055
mexican,-32.239,-80.277
italian,86.007,-36.136
mexican,70.91,-49.063
japanese,-23.032,-15.55
french,6.414,88.356
italian,59.167,62.951
italian,-26.836,62.671
mexican,-23.461,-16.107
mexican,-4.9558,-38.314
french,21.884,35.964
mexican,1.6153,93.544
indian,-73.134,10.355
italian,13.45,75.301
mexican,-0.43046,-29.589
cajun_creole,-31.999,-34.519
indian,19.468,65.456
southern_us,-76.386,46.616
moroccan,-36.66,-68.761
chinese,-30.737,-31.872
thai,-30.287,-30.87
mexican,-23.92,57.826
vietnamese,5.493,89.604
russian,-56.815,10.965
italian,-70.368,10.51
mexican,6.2022,88.655
mexican,-10.761,-93.044
greek,33.612,-45.798
italian,27.61,35.9
moroccan,-89.491,17.122
italian,28.535,8.3789
french,17.012,-16.16
chinese,1.7216,30.916
indian,-24.741,-88.836
japanese,-18.048,44.632
mexican,-16.98,38.981
mexican,-7.5714,-92.298
mexican,-21.197,87.956
spanish,-14.426,94.83
southern_us,11.705,78.756
southern_us,5.0162,-78.477
southern_us,-43.859,44.722
mexican,58.615,13.572
indian,-29.944,-83.672
chinese,-31.789,-33.985
southern_us,-15.883,15.607
italian,-10.428,-92.986
indian,-90.992,20.798
southern_us,7.3811,8.0274
italian,-15.87,-92.873
mexican,81.325,35.906
thai,57.175,65.178
mexican,-18.205,45.239
chinese,93.303,-20.106
french,-37.714,3.0215
mexican,-15.886,22.145
mexican,-42.979,5.4657
mexican,63.904,57.546
southern_us,-86.527,36.827
french,-38.939,30.009
spanish,30.808,36.032
moroccan,46.139,75.968
mexican,7.9032,85.952
brazilian,-71.994,49.855
italian,-90.905,27.372
mexican,15.877,71.177
brazilian,-72.427,49.537
italian,-71.808,-22.19
brazilian,-24.515,-18.242
mexican,-83.97,12.109
southern_us,-1.5862,-53.562
indian,82.927,-40.226
greek,8.3539,-21.449
thai,-90.969,26.983
british,-29.464,-84.248
cajun_creole,-16.857,38.121
italian,8.8663,34.291
brazilian,29.161,36.014
italian,-26.428,-22.085
moroccan,15.639,6.2617
italian,-16.314,7.5477
mexican,-0.59363,-29.8
spanish,-29.978,-83.553
italian,-37.015,2.8669
italian,6.8629,8.1991
korean,10.617,80.959
italian,-35.584,-72.855
indian,-91.02,20.908
italian,5.1691,-57.958
italian,-77.445,10.371
korean,10.798,-19.81
mexican,66.806,54.208
cajun_creole,18.233,67.297
greek,-88.998,16.539
italian,91.747,-25.572
cajun_creole,-27.581,64.205
mexican,-1.0316,95.348
korean,-23.472,-89.543
italian,5.11,-57.377
indian,-20.674,88.74
jamaican,-20.401,-9.3341
spanish,6.5424,33.442
korean,77.57,41.216
russian,58.083,5.1927
southern_us,-23.384,56.955
mexican,6.7267,87.871
french,-19.105,48.207
mexican,-36.29,-70.344
greek,-4.876,-91.09
indian,-73.512,10.339
italian,-17.079,1.9205
mexican,-30.61,-82.799
spanish,14.052,74.174
italian,-2.9446,-89.879
indian,-86.748,14.036
mexican,91.388,14.004
mexican,-36.662,26.152
chinese,-91.397,27.093
chinese,-42.632,5.2848
french,-36.76,2.8495
mexican,11.501,6.908
southern_us,17.018,35.761
brazilian,-28.26,66.285
mexican,73.467,46.494
italian,-68.334,52.267
mexican,-37.215,-54.544
spanish,-37.453,-61.377
greek,52.255,70.408
french,-0.54974,-87.68
italian,-21.074,-10.656
british,94.228,-15.721
cajun_creole,5.3396,32.943
thai,31.174,36.035
italian,55.334,-55.659
indian,18.014,6.1799
mexican,-43.7,42.253
french,23.395,35.882
korean,-76.908,46.21
southern_us,25.162,54.896
vietnamese,-86.281,37.153
mexican,-17.164,40.15
thai,-15.875,21.579
southern_us,-80.542,-29.481
russian,2.0406,-84.263
russian,18.641,66.682
southern_us,93.857,5.2015
vietnamese,-4.0192,-35.677
thai,3.4464,-81.777
greek,30.905,-56.652
southern_us,-90.436,29.75
french,-34.531,1.9443
southern_us,-75.653,47.176
italian,58.599,14.734
mexican,6.772,-22.636
greek,-4.7443,-37.597
indian,-33.724,-77.537
vietnamese,5.1136,32.846
italian,-36.954,26.65
russian,-18.296,-3.2645
japanese,-13.064,-93.121
indian,7.716,-21.719
russian,-5.5849,-41.657
french,-85.43,38.209
italian,-37.379,-56.286
spanish,-20.678,88.735
greek,5.3157,-77.785
spanish,-90.069,18.261
mexican,88.173,-32.768
southern_us,93.613,6.4741
southern_us,-37.3,-55.342
southern_us,-3.5077,-90.153
southern_us,-27.342,63.778
mexican,2.7288,-26.071
southern_us,-35.993,-47.282
italian,5.0438,90.143
southern_us,-1.0501,-88.202
french,78.343,40.234
mexican,13.224,75.736
italian,26.955,36.001
southern_us,88.159,-32.792
filipino,82.804,-39.918
russian,94.698,-11.87
indian,0.086885,-28.941
indian,12.66,6.687
cajun_creole,-35.889,-71.845
mexican,25.239,55.432
greek,76.529,42.662
chinese,-76.242,10.317
mexican,-31.011,-32.095
spanish,27.607,36.045
french,-46.766,7.426
mexican,-3.3294,-51.421
mexican,30.029,9.0968
indian,-75.769,10.31
indian,-80.162,43.504
indian,-28.337,-26.055
italian,21.728,62.031
thai,-41.502,35.249
indian,6.7381,33.518
french,36.461,-36.768
mexican,-15.885,15.553
chinese,-49.743,8.8597
italian,-78.865,-26.969
italian,-3.3644,-51.36
spanish,2.4461,-83.602
korean,9.716,-20.516
italian,2.3143,-56.432
cajun_creole,91.072,-26.888
british,-5.5802,-42.719
cajun_creole,-35.799,24.686
japanese,19.656,65.178
thai,-0.97021,-54.138
greek,-89.067,32.962
italian,-27.191,-23.627
russian,94.143,-16.218
mexican,-19.593,-7.2161
mexican,-5.6627,-43.466
mexican,-5.6367,-42.246
spanish,-8.0404,-92.444
french,-37.952,28.349
mexican,-36.945,-67.22
vietnamese,-4.1477,-35.981
greek,-24.401,-88.981
italian,93.625,-19.539
chinese,-35.385,-44.754
italian,-89.476,32.112
japanese,-87.158,35.957
italian,-10.969,-93.077
southern_us,-22.524,-14.133
irish,-22.475,-90.308
indian,-24.142,-89.466
brazilian,5.2811,-57.994
indian,-70.481,10.386
thai,92.078,12.392
southern_us,25.488,55.233
british,-19.098,-5.8031
chinese,19.258,6.2146
mexican,81.804,-40.929
italian,-36.685,-68.642
mexican,9.8011,7.3024
thai,-18.182,45.152
jamaican,9.9407,7.286
cajun_creole,-5.2107,-46.923
vietnamese,46.643,75.498
chinese,-8.4428,96.598
southern_us,-37.429,-62.382
southern_us,-23.907,-17.013
french,-5.7397,-91.503
italian,-89.294,32.494
chinese,-16.913,38.527
french,-83.499,11.667
chinese,3.081,9.6384
russian,-20.111,-8.6007
mexican,56.565,0.87764
japanese,-28.402,-26.197
mexican,-74.517,48.035
thai,-18.726,91.281
spanish,58.228,-54.758
southern_us,19.757,35.916
southern_us,0.8416,-86.004
southern_us,-27.117,62.379
italian,75.571,43.889
southern_us,69.024,51.569
vietnamese,28.429,8.3333
chinese,67.036,53.941
chinese,-88.973,33.242
british,-17.149,40.06
greek,-4.271,-49.761
mexican,5.1671,-57.386
italian,27.959,8.1415
mexican,-7.9275,-92.41
italian,7.2562,-22.262
french,14.714,72.971
italian,-1.623,-88.75
mexican,42.18,-23.591
indian,39.004,-29.88
italian,6.7481,8.2382
italian,8.9694,34.238
italian,-28.624,-26.678
mexican,31.991,10.266
greek,4.6944,-79.223
french,-37.315,-64.354
southern_us,4.5192,-79.587
mexican,2.2595,-26.539
mexican,79.303,38.897
french,-18.757,47.153
mexican,-20.248,-8.9494
mexican,-66.664,53.61
southern_us,-29.339,-84.387
southern_us,30.559,36.029
filipino,5.9693,-57.965
southern_us,-2.5761,-32.178
southern_us,70.433,50.048
mexican,11.292,34.962
southern_us,-5.6367,-44.053
korean,11.077,-19.633
irish,13.665,74.898
indian,94.843,-10.259
indian,-55.378,10.706
southern_us,-6.4991,96.634
italian,14.884,6.3459
cajun_creole,0.70956,30.338
thai,24.89,6.8664
spanish,94.499,-0.33947
mexican,-32.084,-80.532
french,-2.9937,-33.456
japanese,58.486,63.716
greek,4.6007,90.646
italian,47.739,-14.617
southern_us,13.321,6.5708
mexican,-13.354,95.411
cajun_creole,-28.362,66.803
vietnamese,-56.107,-20.934
french,-15.917,14.4
japanese,-41.767,4.8487
chinese,93.804,5.5832
korean,6.0829,-23.181
french,17.426,68.518
greek,-19.568,49.454
chinese,-36.802,-51.465
french,57.199,2.8956
italian,-68.839,10.723
southern_us,56.031,-55.498
french,52.167,70.497
filipino,58.77,14.39
mexican,-83.121,11.619
italian,-37.469,2.918
italian,11.624,35.032
cajun_creole,-30.38,-31.185
brazilian,8.9171,34.373
southern_us,10.463,-20.023
mexican,8.7207,-21.193
mexican,-16.495,35.768
greek,71.752,48.523
mexican,58.622,13.418
indian,-78.709,10.532
mexican,25.247,54.614
italian,93.169,8.4206
mexican,-37.231,-54.694
indian,-28.297,66.44
chinese,-57.365,11.048
southern_us,-70.915,10.349
mexican,-77.225,10.356
italian,92.198,-23.862
spanish,94.798,-1.7674
cajun_creole,10.201,7.1009
mexican,73.846,46.031
italian,-33.479,-78.028
mexican,0.54044,94.299
italian,-86.085,37.4
mexican,-4.7936,-48.58
italian,3.2416,31.919
chinese,17.748,6.1753
southern_us,-34.936,-43.098
irish,94.887,-9.534
thai,91.661,14.099
japanese,-38.821,3.4839
italian,-72.197,49.695
cajun_creole,31.201,9.7597
british,57.251,-55.094
mexican,20.524,63.893
italian,67.752,-50.775
thai,-2.015,-32.183
italian,94.295,2.4712
british,-51.292,9.5226
cajun_creole,-81.468,42.475
chinese,-19.616,-7.2797
japanese,-23.793,57.625
italian,-33.221,-78.517
italian,-37.27,-57.538
italian,-1.9969,-89.09
chinese,-37.126,-66.002
southern_us,-27.763,63.95
mexican,16.909,-16.377
southern_us,-34.675,-42.189
italian,33.839,36.069
southern_us,-33.781,1.7349
cajun_creole,1.3846,93.716
southern_us,-17.746,-1.1648
italian,19.541,6.2272
mexican,-31.278,-81.808
british,22.86,35.976
french,-18.856,47.48
italian,85.32,-37.044
southern_us,-29.402,-28.385
french,-68.733,52.018
french,20.837,63.378
japanese,-15.866,16.576
italian,-90.486,19.24
southern_us,-90.856,28.435
russian,-23.496,-89.846
thai,25.298,7.0963
mexican,-65.507,-55.958
chinese,-53.69,-21.228
filipino,-51.892,9.6363
french,-15.861,17.013
italian,-16.82,-92.69
italian,16.28,35.707
italian,-8.2884,96.912
italian,7.5411,-21.939
mexican,22.582,60.651
mexican,-32.075,-80.548
indian,-74.986,47.57
southern_us,76.596,42.576
korean,4.0375,-24.875
mexican,18.076,67.532
southern_us,-31.37,-32.932
vietnamese,76.131,-45.74
italian,-64.834,11.124
mexican,-4.1278,-90.671
japanese,-15.866,21.045
southern_us,76.071,43.253
indian,-39.764,3.8924
mexican,-42.213,5.0711
mexican,-17.382,41.376
brazilian,13.382,35.348
mexican,-12.31,95.849
italian,-43.095,5.5271
cajun_creole,-26.663,-87.142
italian,-89.092,16.288
french,-45.969,6.8296
thai,-0.77515,-54.297
southern_us,-30.144,-30.032
irish,67.997,53.065
japanese,-66.579,53.689
korean,-23.211,-15.97
french,-78.66,44.792
cajun_creole,2.0566,-26.747
french,-80.077,-28.336
french,-17.29,-92.517
italian,9.4006,34.227
southern_us,-43.563,41.531
southern_us,-33.033,1.5657
korean,-75.408,-48.525
french,16.884,69.354
southern_us,46.897,75.354
cajun_creole,-4.9971,-38.453
vietnamese,-76.375,46.625
indian,-17.829,43.673
mexican,-0.27369,94.832
southern_us,53.564,69.066
mexican,25.626,7.2709
russian,0.63062,-86.288
mexican,3.5394,9.575
indian,-63.28,11.221
french,-22.085,54.734
mexican,14.657,-17.517
filipino,10.36,7.2857
spanish,-73.77,10.33
french,-48.947,8.5021
vietnamese,-21.563,87.366
french,-19.262,48.635
southern_us,-12.586,-93.143
mexican,-37.237,-65.136
indian,-20.678,-91.239
mexican,-21.176,87.985
russian,58.091,18.37
southern_us,81.191,36.104
chinese,57.626,5.4571
korean,15.293,-17.098
italian,-2.5814,-32.763
british,-42.666,38.08
southern_us,-33.597,-38.828
southern_us,-66.455,10.977
italian,9.2252,-20.846
chinese,27.042,36.001
french,-15.887,22.184
indian,28.768,8.4813
mexican,58.63,12.163
mexican,16.113,6.2199
mexican,5.6794,-23.507
chinese,-16.968,-92.501
thai,-30.81,-82.51
irish,-2.2585,-89.318
italian,-16.641,35.055
indian,1.6016,-84.923
southern_us,12.919,-18.488
chinese,58.623,13.397
cajun_creole,-52.534,10.216
vietnamese,-56.151,10.853
mexican,-41.143,34.435
indian,11.287,-19.501
mexican,-43.332,40.248
italian,91.66,14.246
french,3.4482,32.217
mexican,-88.801,16.005
japanese,-82.524,11.504
indian,-50.118,9.0231
french,-81.293,42.473
italian,-16.074,10.881
italian,-5.5552,-41.456
mexican,-0.84412,95.324
italian,-36.366,25.647
italian,1.2523,-55.691
japanese,-74.315,10.317
filipino,-65.242,54.155
cajun_creole,-4.9441,-91.124
chinese,-26.712,-22.825
filipino,-57.12,-20.836
southern_us,88.634,-31.959
japanese,94.875,-9.7478
southern_us,91.332,14.639
brazilian,77.83,40.948
moroccan,-14.96,-92.983
chinese,-89.332,16.83
greek,-36.941,-67.25
italian,0.23514,94.501
irish,8.0849,-21.564
jamaican,94.868,-9.8718
thai,57.528,21.095
korean,56.837,24.54
mexican,-89.952,18.016
southern_us,88.526,-32.158
spanish,-33.733,-39.214
mexican,-32.485,-35.77
mexican,94.445,-14.251
cajun_creole,-23.418,-15.623
italian,58.578,10.573
filipino,28.066,36.146
italian,13.344,-18.23
indian,-55.331,10.696
cajun_creole,-9.9116,96.561
italian,-21.46,-90.848
british,51.453,-56.7
indian,11.216,6.9654
mexican,23.551,59.008
japanese,-39.724,31.541
italian,40.907,-25.945
french,13.64,35.388
british,91.344,14.066
italian,60.141,61.85
indian,-19.02,47.97
mexican,-30.837,-31.094
southern_us,58.202,17.71
british,0.93951,30.519
french,-74.908,-49.039
cajun_creole,7.8407,7.8814
french,72.961,47.101
italian,-35.815,-72.104
british,56.828,24.565
spanish,-43.37,40.446
thai,0.39472,-28.571
southern_us,-28.192,65.991
mexican,-38.629,29.533
japanese,-67.2,52.985
mexican,-17.541,-0.29156
italian,53.784,68.835
thai,-43.837,45.044
italian,-16.776,35.394
mexican,58.136,64.108
mexican,-25.177,-19.573
indian,94.49,1.1048
thai,-83.206,11.903
cajun_creole,-81.058,-39.687
indian,1.1958,-56.019
italian,-37.698,27.916
italian,-16.445,34.193
southern_us,74.6,-46.795
mexican,-77.986,10.428
filipino,-27.343,-23.962
greek,-64.577,-20.378
mexican,0.95009,-85.853
mexican,-36.939,-52.38
mexican,-16.323,7.4528
french,30.728,9.5801
greek,91.978,-24.98
mexican,11.956,6.8188
italian,-77.095,-25.263
southern_us,-70.442,10.705
french,21.961,6.4654
southern_us,-16.748,37.268
mexican,6.0632,33.246
greek,-78.135,10.449
mexican,-18.407,91.475
japanese,-16.113,10.216
italian,25.638,54.984
chinese,-81.643,-37.108
italian,-90.209,30.399
spanish,-76.627,46.429
mexican,-27.691,64.211
italian,58.738,14.081
filipino,5.7873,-76.167
brazilian,-14.018,95.075
spanish,-27.945,65.077
mexican,-22.071,54.929
cajun_creole,24.74,56.574
mexican,-35.499,-45.196
mexican,10.501,80.968
mexican,-83.653,40.168
indian,-8.2045,96.925
brazilian,44.291,77.424
thai,61.472,60.332
korean,-66.315,10.991
mexican,-91.352,27.432
greek,47.421,-15.104
italian,10.336,7.101
italian,31.203,9.7608
chinese,-74.542,48.017
mexican,25.398,7.2064
chinese,51.65,71.02
vietnamese,-0.27334,-87.369
mexican,-77.999,10.43
italian,10.264,81.242
korean,51.448,71.39
french,58.437,14.291
thai,-16.489,-92.767
southern_us,-23.794,-89.769
vietnamese,48.171,74.254
indian,-2.1075,-31.763
vietnamese,-29.063,-27.641
italian,4.6528,-57.625
indian,55.858,26.289
italian,-16.415,6.4908
russian,-18.484,-92.187
mexican,-26.616,-22.443
french,-15.909,23.08
indian,55.373,-1.9635
italian,91.666,13.739
mexican,93.641,-18.67
southern_us,-10.417,-92.985
mexican,-36.897,-52.089
southern_us,-30.843,-31.121
italian,-40.082,4.0372
italian,-8.4339,-92.546
italian,61.435,60.375
moroccan,-3.5252,-51.108
italian,58.242,17.447
southern_us,-91.324,25.303
cajun_creole,-58.447,11.158
indian,-45.123,6.5986
mexican,71.7,48.584
italian,94.288,2.5252
mexican,31.519,36.039
mexican,15.645,71.379
thai,6.732,-22.667
southern_us,-40.677,4.3173
italian,-16.23,8.5458
spanish,-5.5104,-41.176
italian,-5.5499,-44.966
chinese,28.634,8.4219
italian,-37.374,-56.219
italian,-28.477,67.691
korean,-20.388,-9.3024
italian,3.75,9.3607
indian,-34.553,-75.676
british,-16.745,37.244
mexican,64.816,56.499
italian,-11.55,96.13
southern_us,-46.279,7.2532
indian,16.501,69.954
chinese,62.824,58.782
italian,20.528,35.936
british,4.7151,-79.163
southern_us,-57.846,11.107
southern_us,-1.2065,-53.932
moroccan,-15.85,18.538
british,92.219,11.917
mexican,-33.998,-76.97
filipino,-33.832,-40.029
italian,-27.105,63.123
thai,-36.932,-67.306
italian,11.961,35.1
mexican,-23.695,-16.581
southern_us,91.331,14.635
southern_us,1.3073,30.781
mexican,-52.887,10.263
cajun_creole,-37.041,-53.137
irish,-51.94,9.6205
italian,65.332,-51.766
vietnamese,7.3688,-22.173
mexican,-27.365,-24.004
spanish,31.674,10.052
mexican,-43.41,5.6937
greek,-56.859,-20.859
mexican,-37.22,-65.28
mexican,28.741,36.012
italian,13.13,75.916
mexican,-33.863,-77.27
italian,-36.325,-70.204
mexican,45.414,76.567
italian,4.9809,-78.557
italian,-74.984,10.31
mexican,-20.868,88.464
french,-41.094,34.326
southern_us,-12.878,-93.13
british,26.279,-68.495
french,-37.191,-65.524
mexican,-7.8632,96.758
thai,-78.702,-44.417
mexican,18.018,35.83
chinese,5.7065,-57.623
mexican,31.035,36.034
chinese,24.292,6.8564
southern_us,-35.085,-43.635
french,5.2391,8.776
italian,91.559,-25.189
mexican,-67.498,10.868
japanese,82.098,35.105
indian,-23.044,-15.37
thai,50.29,72.328
chinese,-88.051,15.231
french,44.002,77.63
italian,-71.747,50.011
italian,-27.72,64.287
southern_us,-19.878,50.257
cajun_creole,33.6,-45.28
cajun_creole,6.1713,-75.99
southern_us,18.23,67.303
italian,-19.388,-6.6497
russian,-24.892,-19.001
thai,-37.339,-64.058
indian,-35.18,2.1388
italian,-15.943,24.116
italian,-28.493,67.997
mexican,17.117,68.993
cajun_creole,28.49,36.027
vietnamese,2.4,-26.396
mexican,21.293,6.3855
thai,-17.785,43.459
southern_us,9.2679,-20.816
italian,-1.5605,-88.692
mexican,22.794,6.5863
irish,-16.464,34.681
mexican,57.593,5.2006
italian,-1.969,-53.153
italian,12.577,77.004
french,-81.474,42.11
japanese,8.4391,85.021
british,-36.979,26.691
mexican,-61.762,11.245
italian,-22.082,55.136
southern_us,-41.684,35.676
chinese,10.696,7.0768
indian,9.9909,34.643
french,-37.222,-65.263
mexican,-37.628,-57.328
japanese,-2.6096,-32.254
indian,-37.366,-63.691
moroccan,0.85153,-28.049
chinese,44.757,77.27
jamaican,-16.702,36.882
italian,-35.747,-72.337
brazilian,-36.485,-69.55
italian,94.737,-11.483
southern_us,-19.062,-5.6922
french,13.948,74.366
chinese,2.5861,-56.558
british,16.554,-16.408
moroccan,30.515,36.029
greek,36.043,-37.243
indian,2.2579,-56.409
southern_us,-90.941,28.17
chinese,-59.476,11.211
southern_us,54.878,-55.826
italian,-43.023,39.015
mexican,6.8982,87.604
southern_us,64.416,56.956
italian,-89.857,17.819
indian,13.799,-18.128
italian,28.134,8.2119
southern_us,-36.885,2.477
greek,33.148,-47.101
greek,19.186,35.818
southern_us,-36.472,-69.603
southern_us,63.255,58.29
chinese,61.608,60.178
mexican,75.148,44.424
chinese,83.924,-38.805
vietnamese,-20.134,51.154
mexican,55.766,66.721
southern_us,-88.286,15.472
french,-21.122,-11.063
mexican,33.679,36.133
italian,78.523,-43.927
french,-21.099,-11.016
italian,4.3594,-79.929
spanish,-25.137,-88.493
thai,-9.6394,96.611
italian,-90.234,30.327
korean,71.567,48.74
cajun_creole,-27.248,62.533
chinese,-68.967,10.71
mexican,6.1217,88.764
cajun_creole,10.061,-20.287
mexican,-79.567,44.021
italian,-16.377,35.048
southern_us,48.599,-13.343
greek,-50.65,-21.584
italian,-5.1651,-39.182
southern_us,-5.5989,-44.543
indian,26.079,7.4263
russian,77.036,42.016
mexican,62.536,59.111
mexican,-67.561,10.862
chinese,-84.69,39.046
mexican,5.7841,89.235
cajun_creole,-24.142,58.172
filipino,-91.244,22.09
italian,-1.5702,-53.579
thai,-35.472,-73.196
italian,68.736,-50.116
italian,67.769,53.015
irish,-22.356,-13.772
thai,23.928,58.272
mexican,57.374,64.954
italian,-85.794,37.772
italian,25.736,54.664
italian,-30.902,-82.375
french,11.206,79.756
moroccan,-15.852,19.676
italian,-17.16,1.5059
mexican,-79.354,-27.675
filipino,-38.87,30.194
british,-84.044,12.157
moroccan,14.487,35.512
french,2.0845,93.173
italian,-20.596,-9.8184
greek,30.466,9.3348
indian,-23.376,56.942
italian,-23.47,-89.548
british,21.97,35.966
french,-5.6133,-44.377
indian,56.627,65.778
moroccan,39.601,-28.504
mexican,32.08,10.332
italian,75.252,44.293
greek,-65.749,11.043
japanese,-23.522,-15.954
cajun_creole,-11.833,-93.133
italian,60.366,-54.171
southern_us,-20.831,-10.657
southern_us,3.6784,32.382
chinese,-74.967,47.583
chinese,-27.448,-86.401
indian,-30.299,-30.72
indian,-20.948,-10.473
greek,33.839,36.069
mexican,49.025,-12.698
mexican,5.2909,8.7569
southern_us,94.961,-0.70447
japanese,-17.97,44.299
french,-14.949,94.46
italian,-90.521,19.33
italian,9.4317,7.4044
chinese,-50.342,-21.745
greek,-79.929,43.706
mexican,3.7703,9.3516
indian,-31.012,-31.555
chinese,-56.863,-20.858
italian,1.2994,-55.681
japanese,-26.807,-87.009
french,-91.251,26.563
french,-16.476,6.0698
irish,-33.023,1.5634
french,27.336,7.8974
southern_us,14.996,-17.263
filipino,4.8594,8.9212
french,-45.817,7.2064
italian,9.7731,82.916
cajun_creole,23.675,58.775
mexican,69.237,51.414
spanish,44.361,77.38
thai,-63.88,11.193
moroccan,-2.1676,-32.457
southern_us,-45.334,6.9542
indian,-15.917,14.391
moroccan,-59.101,11.196
japanese,-37.263,-64.913
thai,-66.37,10.986
vietnamese,-69.123,51.764
chinese,-75.251,47.587
mexican,58.566,14.784
jamaican,2.6071,-83.326
french,-58.017,-20.761
italian,8.0213,7.8256
italian,21.816,6.4473
italian,-71.911,10.432
mexican,-90.791,20.113
russian,92.363,11.417
italian,6.0925,-76.468
southern_us,93.688,5.8972
french,-2.2703,-32.585
greek,-88.803,33.447
indian,-32.616,-36.114
southern_us,-85.99,37.525
chinese,-20.696,-10.059
chinese,77.474,41.643
southern_us,-48.688,8.3803
mexican,16.317,6.1832
thai,3.9835,-80.709
spanish,5.7513,-76.246
italian,14.902,72.627
mexican,10.707,80.731
mexican,1.9378,31.203
vietnamese,-85.388,38.256
mexican,-15.965,13.052
italian,56.319,0.62536
southern_us,32.963,36.062
italian,68.592,51.989
irish,-34.122,-39.843
mexican,-18.622,46.714
italian,-30.317,-30.393
cajun_creole,-23.185,-89.916
chinese,1.4055,30.848
chinese,4.2935,-24.656
chinese,46.35,75.918
southern_us,1.4801,-27.358
spanish,25.685,53.865
cajun_creole,72.82,47.265
cajun_creole,66.407,54.67
chinese,-41.881,4.905
jamaican,30.729,9.4026
chinese,-43.323,40.202
moroccan,40.445,-26.741
brazilian,14.47,73.412
mexican,0.58294,-86.351
greek,-2.3532,-52.708
cajun_creole,-42.971,39.171
italian,-34.584,1.9593
indian,-4.4618,-90.866
italian,-17.662,92.422
cajun_creole,91.887,-25.313
italian,58.025,5.0646
indian,-2.4848,-89.512
southern_us,92.625,-22.444
greek,-31.469,-81.512
italian,-32.814,-36.649
indian,-35.906,-46.891
vietnamese,-16.329,35.412
thai,-0.63649,95.172
french,-16.202,8.9271
french,-37.421,-62.624
southern_us,-71.02,10.655
mexican,-16.394,6.6988
southern_us,11.453,34.996
italian,-2.5912,-52.418
italian,-37.371,27.362
southern_us,-69.834,51.294
brazilian,12.743,76.67
cajun_creole,56.286,24.922
indian,79.02,39.294
italian,11.749,6.859
mexican,-15.856,20.28
french,2.2929,92.99
jamaican,-40.969,34.044
italian,21.155,62.768
italian,12.623,76.913
cajun_creole,-29.384,-84.336
mexican,-36.941,26.629
italian,7.4392,8.0086
vietnamese,-36.529,-49.907
cajun_creole,-89.288,32.507
southern_us,-91.347,23.636
indian,67.63,53.26
japanese,31.907,-51.826
mexican,20.98,63.359
mexican,-27.695,-24.692
japanese,-81.294,42.48
mexican,91.326,14.735
italian,8.0021,85.783
french,-19.11,-91.942
mexican,-74.387,48.133
italian,-5.08,-47.56
korean,90.297,-28.642
russian,46.408,75.607
french,-16.593,5.8784
filipino,-2.8531,-52.085
chinese,24.659,7.1399
mexican,-36.844,-67.831
chinese,-80.053,-42.052
italian,-2.2607,-31.787
greek,19.117,35.976
jamaican,-24.1,58.108
italian,58.625,11.84
mexican,91.08,15.384
mexican,-39.091,30.78
italian,-16.978,38.97
filipino,3.3787,9.3821
italian,-32.498,-79.828
southern_us,17.282,68.741
jamaican,56.634,23.952
filipino,58.62,11.568
thai,-42.847,38.545
indian,-18.917,-92.021
southern_us,92.08,12.387
greek,81.802,-40.94
russian,-91.162,21.485
italian,-77.373,45.84
italian,30.37,9.2778
irish,-72.782,10.375
french,-66.336,53.191
southern_us,58.117,5.7128
italian,15.05,35.586
southern_us,53.627,-5.7543
italian,93.858,5.1945
mexican,36.65,-35.572
mexican,-22.462,85.434
indian,85.794,-36.426
korean,52.756,-56.443
french,92.565,10.71
russian,-25.19,-19.6
italian,-4.7763,96.425
french,94.027,4.2052
indian,82.532,33.953
british,-67.002,53.025
indian,55.125,67.412
italian,-43.607,43.596
indian,-57.406,11.055
italian,3.3102,-82.041
mexican,-39.87,3.9397
french,0.27592,-86.726
british,27.927,35.844
italian,18.772,35.876
mexican,-16.327,35.4
mexican,-40.89,33.876
italian,-1.9352,-31.678
italian,-40.214,32.49
southern_us,-81.662,11.135
moroccan,-91.397,27.094
filipino,6.0865,88.82
southern_us,32.273,-50.816
cajun_creole,-77.633,-25.732
southern_us,-76.853,10.335
southern_us,94.623,-1.5869
jamaican,-83.253,11.551
spanish,17.639,6.1732
italian,9.8342,82.274
italian,-17.172,92.762
southern_us,89.287,-30.712
mexican,-18.396,-92.219
filipino,55.439,67.081
indian,56.398,25.138
indian,56.796,1.6175
southern_us,-33.168,1.5687
italian,63.85,57.605
indian,-15.902,14.874
italian,-87.779,35.045
japanese,90.081,-29.108
italian,94.091,-16.502
vietnamese,92.037,-24.278
italian,19.878,64.848
japanese,-16.04,-92.844
mexican,-4.2754,-49.752
southern_us,-75.093,-48.851
french,71.358,48.981
british,-0.52856,-29.715
indian,60.398,-53.804
indian,-24.16,-17.525
italian,7.8147,-21.996
southern_us,-41.831,36.028
japanese,10.162,82.143
spanish,-41.085,4.5139
chinese,55.059,67.48
italian,-72.179,49.715
southern_us,94.914,-4.7129
chinese,-4.8958,-48.527
mexican,-31.54,-33.357
mexican,-24.32,58.449
italian,-44.048,43.643
cajun_creole,33.287,36.084
southern_us,56.25,25.408
thai,94.024,4.2247
mexican,-39.442,30.647
thai,93.837,5.3111
italian,57.163,22.506
italian,17.002,-16.163
french,-19.232,90.646
italian,-53.874,-21.203
chinese,93.265,8.0164
indian,-15.421,-92.937
spanish,-15.852,18.042
mexican,67.232,-51.032
italian,-67.23,10.898
cajun_creole,-26.876,62.363
mexican,-22.832,85.014
southern_us,-35.431,24.014
southern_us,0.073092,-28.957
british,22.386,60.977
korean,-36.727,-51.008
italian,-65.664,-56.267
greek,-54.991,10.621
greek,64.19,57.22
chinese,94.947,-6.2017
southern_us,-37.457,-60.888
italian,23.041,6.6268
italian,-10.269,96.492
italian,93.313,-20.074
greek,85.953,-36.216
thai,43.871,77.718
chinese,-3.534,-90.359
thai,-59.921,11.223
indian,81.708,-41.222
indian,13.599,35.382
cajun_creole,27.735,36.135
filipino,-90.942,27.455
mexican,-4.5664,-37.079
southern_us,28.29,35.94
italian,-15.894,15.138
mexican,-25.436,-88.239
mexican,-30.487,-30.522
mexican,-16.646,35.058
moroccan,81.765,34.826
mexican,5.6344,8.6295
mexican,-20.506,-9.5974
irish,-34.417,-41.333
spanish,-91.251,26.562
southern_us,-64.07,-20.696
vietnamese,-23.452,57.07
jamaican,-16.515,5.6276
moroccan,-30.646,-82.743
indian,64.012,-52.499
italian,15.44,71.695
french,32.834,36.059
spanish,-17.926,-1.8908
indian,58.32,8.1075
greek,-81.826,42.231
greek,-80.174,10.775
mexican,-35.624,-45.7
indian,-16.911,38.509
indian,-30.502,-83.254
cajun_creole,69.102,51.683
chinese,-16.883,3.0367
mexican,-88.383,15.572
french,-36.78,-51.325
indian,88.637,-31.952
jamaican,-37.455,-58.035
italian,21.044,62.827
italian,-43.232,39.681
italian,-85.3,38.359
southern_us,69.592,51.014
italian,-45.701,7.1654
italian,93.73,-18.905
italian,-51.945,9.9848
french,-35.034,-74.423
mexican,-13.709,95.35
french,-90.0,30.928
italian,-3.6043,96.187
moroccan,31.607,36.04
korean,-28.212,-25.786
mexican,68.278,52.828
southern_us,-36.474,-49.622
indian,-15.932,13.934
brazilian,-57.062,11.002
thai,-17.387,0.41258
italian,3.6414,31.931
brazilian,26.465,35.998
indian,58.483,9.4882
irish,57.79,5.7684
mexican,92.058,12.462
southern_us,-74.996,47.85
southern_us,-34.206,-40.008
mexican,-35.846,-71.997
italian,-18.859,47.487
southern_us,-87.856,34.928
filipino,-91.299,22.477
french,-5.0431,-47.731
mexican,58.538,10.036
mexican,44.972,76.929
thai,3.4158,91.928
japanese,37.896,-32.446
chinese,26.191,35.996
mexican,-91.246,22.089
moroccan,68.421,52.643
italian,3.7103,-81.26
french,-35.334,23.941
mexican,-13.992,95.074
mexican,12.321,77.51
italian,1.5667,31.08
italian,58.351,16.668
southern_us,-35.876,-46.756
southern_us,-27.342,-86.504
cajun_creole,-31.8,-80.993
chinese,-27.77,64.464
southern_us,5.2103,89.953
italian,-37.667,27.863
british,-35.301,23.832
italian,30.95,9.5601
french,-91.07,27.842
russian,-39.465,30.961
southern_us,27.507,-66.363
filipino,-27.736,-86.116
italian,-19.152,-5.9657
vietnamese,-5.1635,-39.172
southern_us,23.344,59.364
spanish,20.176,6.2723
japanese,-20.007,-91.556
mexican,65.306,55.936
italian,-18.547,-4.0901
brazilian,79.495,38.626
mexican,-89.632,31.772
moroccan,25.673,54.135
mexican,-52.62,10.25
thai,-62.601,11.241
italian,-18.076,44.743
french,-33.562,-77.869
italian,15.174,72.152
mexican,-3.5033,-90.142
indian,92.797,-21.865
italian,-86.283,13.676
mexican,2.8907,92.443
chinese,-4.6411,-48.966
italian,-89.83,31.324
italian,-20.853,88.486
mexican,50.9,71.605
mexican,18.466,35.86
indian,45.971,76.117
spanish,-37.005,2.5301
italian,33.916,-44.112
southern_us,-68.479,52.176
chinese,52.61,-7.2758
southern_us,53.685,-5.1245
southern_us,-15.866,21.102
mexican,-15.943,13.624
italian,-1.1298,95.109
italian,-85.436,38.202
korean,58.298,17.055
greek,-20.422,51.111
korean,-4.8847,-48.125
chinese,-15.868,16.471
mexican,-74.208,10.319
vietnamese,-43.371,40.449
vietnamese,46.709,75.555
southern_us,40.488,-27.111
chinese,-90.93,27.055
italian,79.8,38.184
french,16.721,6.0171
thai,-35.967,-71.565
vietnamese,-17.955,44.237
mexican,94.349,-14.944
thai,54.82,-3.1358
indian,-15.144,-92.966
filipino,69.885,-49.642
italian,-7.194,-92.149
italian,-82.035,11.087
japanese,9.6885,34.792
french,-75.49,47.306
mexican,-80.899,10.919
italian,-3.0114,-89.888
southern_us,-39.974,32.022
italian,68.591,52.321
mexican,20.371,64.118
southern_us,-16.15,9.6506
southern_us,-36.889,-67.573
chinese,-4.1686,-36.031
southern_us,-18.101,44.836
chinese,57.74,20.163
vietnamese,-36.617,-68.968
french,82.019,35.227
mexican,93.23,8.1614
italian,12.611,35.217
southern_us,47.822,-14.489
vietnamese,-5.023,-48.252
mexican,-16.98,38.984
indian,92.247,-23.699
cajun_creole,10.801,-19.807
italian,8.3429,7.7271
southern_us,-75.802,47.071
japanese,-17.655,42.808
cajun_creole,-86.971,36.225
italian,-47.096,7.7003
mexican,23.811,58.504
southern_us,-21.536,-11.976
indian,-89.976,30.984
southern_us,-57.858,11.109
japanese,-17.663,-0.81999
mexican,-32.673,-36.268
southern_us,-22.223,85.948
italian,57.471,3.8118
mexican,56.264,24.569
cajun_creole,8.7715,-21.155
russian,56.052,0.20177
greek,-37.57,-57.668
greek,38.836,-30.259
french,-27.048,-22.944
vietnamese,-31.018,-32.102
thai,-69.4,51.581
chinese,58.092,18.369
italian,-66.084,-20.775
chinese,-37.046,-53.173
italian,94.89,-3.9421
mexican,24.088,35.989
moroccan,14.139,35.464
cajun_creole,12.875,76.408
filipino,6.5179,88.194
mexican,57.495,21.232
indian,-66.256,-20.804
italian,-5.4396,-45.675
french,57.214,2.951
italian,-3.6553,-50.893
mexican,24.003,6.714
spanish,8.9443,34.515
thai,-61.193,11.244
russian,25.373,54.454
greek,56.865,65.521
italian,-15.951,24.322
italian,-20.026,-8.3799
british,-49.62,8.8054
moroccan,72.208,47.991
chinese,3.5571,91.781
french,94.963,-1.5531
chinese,16.827,6.3382
jamaican,-1.0682,-30.429
italian,-45.213,6.7373
thai,-66.681,10.956
mexican,-34.239,-76.439
british,-17.263,40.73
brazilian,-28.306,-85.524
italian,-91.332,22.981
mexican,10.693,81.11
mexican,33.097,36.066
southern_us,-41.564,35.393
chinese,-62.492,11.243
italian,-62.517,-20.555
mexican,-91.265,21.972
mexican,-4.4612,-36.781
southern_us,-19.782,-91.655
mexican,-51.29,-21.464
mexican,-91.328,25.206
mexican,15.558,6.2694
italian,94.218,-15.781
greek,-72.562,10.389
irish,-5.6406,-43.992
indian,51.248,71.657
indian,94.889,-3.8632
mexican,68.742,-50.4
mexican,-28.447,67.385
british,-26.778,-23.135
italian,93.799,6.0756
chinese,53.209,69.433
chinese,-27.196,-23.642
spanish,-36.781,-51.332
chinese,77.174,41.984
mexican,3.8082,-25.074
italian,37.903,-32.429
vietnamese,-64.809,11.126
mexican,67.861,52.738
cajun_creole,11.32,79.525
mexican,-15.931,23.782
italian,12.696,76.767
japanese,77.245,41.462
moroccan,-5.6648,-43.257
italian,-18.465,-92.194
italian,91.654,14.264
chinese,-42.712,5.3263
mexican,77.094,-45.034
vietnamese,-5.5552,-44.926
italian,22.81,35.976
mexican,-57.035,10.999
french,-35.197,-44.044
cajun_creole,-34.062,-76.826
french,-15.907,23.024
spanish,11.987,-19.066
southern_us,10.51,34.782
mexican,-30.49,-83.274
mexican,-9.5237,-92.803
cajun_creole,-34.791,-75.07
thai,77.715,41.102
british,95.012,-8.1989
italian,-82.916,40.932
cajun_creole,28.997,8.5841
cajun_creole,-18.29,-3.2419
russian,92.126,-24.357
italian,2.8832,92.451
italian,-54.881,-20.989
japanese,-15.871,16.238
italian,-14.78,94.581
mexican,94.631,-1.0372
chinese,6.6127,8.2842
irish,22.497,35.975
italian,-37.934,28.317
italian,-36.009,-47.36
southern_us,-17.316,41.017
southern_us,-79.005,44.501
mexican,74.492,45.236
brazilian,82.36,34.242
french,-22.479,55.447
mexican,64.449,56.919
mexican,7.3013,86.953
chinese,23.143,36.031
indian,-42.694,38.152
korean,-21.823,86.926
italian,-3.7639,-35.103
indian,63.157,58.399
italian,-40.725,33.525
indian,14.708,-17.441
brazilian,-36.852,-51.783
cajun_creole,9.8532,82.633
indian,-37.351,-57.697
mexican,15.59,71.243
italian,9.5535,82.659
italian,-44.027,44.089
chinese,-15.968,24.722
mexican,-17.087,1.8812
southern_us,91.79,13.336
indian,-31.222,-32.561
chinese,4.8611,-57.402
chinese,92.651,10.398
irish,1.7096,-56.013
indian,17.305,6.1586
cajun_creole,10.504,7.1351
indian,-22.458,55.404
southern_us,-87.056,14.294
italian,13.813,-18.123
spanish,53.41,-5.7854
chinese,-36.978,-52.666
southern_us,-1.5166,-88.65
mexican,-17.518,-0.18818
greek,-33.83,-39.939
southern_us,13.077,-18.391
mexican,-35.436,-73.301
cajun_creole,68.092,52.446
italian,-3.4699,-90.355
cajun_creole,-20.134,51.14
southern_us,93.325,-19.41
mexican,-36.577,-50.162
cajun_creole,5.6722,-57.6
southern_us,17.059,6.2355
indian,-36.153,25.287
southern_us,-18.234,-3.0457
greek,-33.88,-77.231
chinese,24.296,57.52
moroccan,83.181,32.76
thai,62.424,59.237
mexican,12.4,35.18
italian,-16.692,4.3037
indian,54.623,67.947
vietnamese,3.057,-25.756
mexican,-40.466,32.991
italian,-66.831,53.311
korean,1.7564,-27.062
mexican,11.776,78.609
mexican,56.868,65.517
spanish,94.704,0.24017
indian,13.445,6.5507
cajun_creole,-37.424,-62.542
chinese,16.826,-16.114
cajun_creole,82.679,33.694
southern_us,-3.1218,-90.207
indian,-78.293,45.093
irish,-55.699,10.769
italian,20.466,35.936
italian,85.681,-36.574
brazilian,-21.377,87.667
greek,-24.742,-88.835
italian,18.666,35.871
jamaican,-16.82,37.839
italian,-38.522,29.348
italian,-53.806,-21.212
greek,19.498,6.2251
thai,-33.089,-37.407
jamaican,94.277,-15.435
southern_us,-2.93,-33.32
british,19.617,35.913
cajun_creole,-90.577,19.476
italian,94.575,0.46021
cajun_creole,2.8782,31.743
mexican,44.885,-19.039
spanish,-19.844,-7.8993
italian,-36.774,-68.203
mexican,-34.823,-42.698
french,9.439,7.4022
italian,36.088,-36.484
indian,23.582,35.991
italian,52.874,-6.8347
filipino,5.0399,-78.422
italian,-5.507,-45.263
japanese,14.205,-17.887
southern_us,-7.563,-92.294
french,-36.419,-49.345
cajun_creole,-11.324,-93.118
italian,-0.72163,-87.864
thai,57.664,20.516
indian,-63.51,11.213
korean,-91.148,21.421
spanish,-72.905,-22.656
cajun_creole,-4.55,-37.032
southern_us,-18.035,-92.357
cajun_creole,-23.904,-17.007
mexican,-33.169,-78.614
indian,-54.764,10.57
thai,-74.571,47.987
southern_us,78.153,-44.228
mexican,55.576,66.925
french,-75.945,10.312
mexican,-19.454,90.368
cajun_creole,15.554,6.2698
indian,44.45,77.372
spanish,-83.659,40.162
greek,-17.752,43.296
mexican,18.736,66.543
spanish,48.612,73.862
italian,-35.28,-73.749
italian,57.985,64.278
filipino,3.497,32.274
filipino,73.881,-47.282
italian,33.603,-45.272
cajun_creole,33.885,-44.227
italian,39.803,-27.721
italian,-71.414,-22.039
italian,47.709,-14.664
thai,-81.756,-36.369
french,31.864,-52.591
jamaican,27.391,-66.586
thai,28.873,-63.279
southern_us,43.163,-21.88
mexican,-73.534,-50.346
french,24.913,56.192
mexican,-71.812,-22.192
italian,-22.657,85.662
southern_us,10.256,81.261
vietnamese,48.718,-13.154
korean,32.574,-49.521
korean,53.407,-5.6184
irish,-72.949,-22.675
mexican,25.167,-69.95
thai,-80.581,-29.587
chinese,-23.982,57.922
mexican,59.804,-54.363
mexican,-71.545,-52.045
korean,46.187,-17.001
spanish,83.341,-39.318
mexican,42.588,-22.861
french,94.957,-6.8806
italian,39.118,-29.621
mexican,58.364,8.4543
italian,59.847,-54.356
mexican,60.927,-53.761
jamaican,-76.201,-47.679
cajun_creole,-57.734,-20.778
chinese,94.594,0.32049
southern_us,-57.914,-20.767
italian,-71.051,-52.443
french,38.938,-30.028
chinese,83.595,-39.359
korean,71.195,49.168
moroccan,36.465,-36.04
indian,57.762,4.6695
italian,-72.456,49.519
italian,34.336,-42.607
mexican,31.618,-53.668
southern_us,33.381,-46.177
mexican,-76.829,-46.983
russian,32.1,-52.023
mexican,94.326,-15.097
chinese,26.978,-67.339
moroccan,71.34,-48.815
italian,42.163,-23.624
mexican,94.915,-7.7992
cajun_creole,40.155,-26.966
southern_us,-65.755,-56.21
mexican,94.481,-0.53222
italian,52.554,-7.3445
italian,-54.626,-20.964
cajun_creole,57.603,4.2659
japanese,-51.271,-21.714
japanese,65.502,-52.038
mexican,82.738,33.585
chinese,93.424,-18.995
japanese,31.619,-53.66
korean,-54.441,-21.079
spanish,93.937,-17.285
korean,-69.694,-53.481
southern_us,76.977,-45.121
british,77.674,-44.598
french,25.55,-69.488
indian,-8.6249,96.764
southern_us,-22.052,86.526
chinese,-74.342,-23.344
cajun_creole,-55.175,-21.037
chinese,-70.207,-53.106
mexican,32.386,-50.324
southern_us,94.953,-6.5514
jamaican,58.121,5.3147
chinese,35.593,-38.615
southern_us,-79.859,-42.454
thai,90.022,-29.23
italian,87.995,-33.065
italian,-73.843,-23.094
italian,45.27,-18.432
indian,93.982,-17.058
indian,59.785,-53.991
italian,-68.259,-54.444
italian,57.285,22.053
chinese,-51.149,-21.445
southern_us,28.993,-62.959
korean,-13.475,95.329
french,-54.635,-21.245
cajun_creole,32.377,-50.365
french,-72.368,-22.415
french,-51.335,-21.66
southern_us,1.8603,93.36
french,58.569,10.454
italian,-74.404,-49.54
italian,56.596,0.35776
filipino,52.789,-6.981
italian,58.523,15.189
french,-79.432,-27.782
southern_us,35.112,-40.083
spanish,43.133,-21.929
mexican,-78.0,-45.467
southern_us,72.097,-48.368
indian,28.339,-64.722
southern_us,70.531,-49.28
mexican,-69.452,-21.415
italian,-4.2122,96.338
mexican,-77.037,-46.418
japanese,-80.665,-29.843
moroccan,-81.846,-37.245
southern_us,-70.77,-21.814
southern_us,93.408,7.3877
brazilian,54.852,-3.0697
mexican,-55.888,-20.958
french,44.509,-19.649
southern_us,-66.057,-55.986
indian,28.583,-64.024
italian,-81.471,-38.51
french,24.403,57.3
thai,91.401,-26.082
italian,56.521,0.092878
cajun_creole,-73.653,-50.241
italian,-79.026,-43.902
moroccan,-79.279,-27.417
thai,36.529,-36.418
french,47.903,-14.1
southern_us,-17.98,92.314
mexican,74.035,-47.131
british,-71.677,-51.936
chinese,-70.971,-52.504
filipino,58.605,14.001
chinese,28.59,-64.005
italian,25.066,-70.058
italian,-69.688,-53.507
mexican,36.732,-35.36
moroccan,29.653,-61.09
italian,-75.09,-23.786
filipino,24.666,56.737
mexican,46.538,-16.455
french,27.727,-65.928
vietnamese,47.262,-15.35
mexican,81.311,-41.55
spanish,-79.663,-42.833
italian,-17.494,92.514
southern_us,36.037,-36.592
southern_us,71.419,-48.768
chinese,-78.001,-45.465
cajun_creole,-68.626,-54.198
italian,29.424,-61.771
thai,56.548,0.14871
southern_us,-66.764,-55.404
indian,34.524,-41.975
italian,53.256,-56.437
cajun_creole,34.63,-41.619
southern_us,38.156,-31.826
japanese,37.506,-33.382
greek,-77.603,-45.995
british,36.601,-35.698
british,-64.652,-20.832
mexican,57.595,20.818
southern_us,-65.004,-56.407
italian,29.877,-60.382
mexican,30.778,-57.147
greek,26.507,-68.149
chinese,-14.034,95.072
southern_us,-71.718,-51.903
french,32.073,-51.632
mexican,93.674,-19.346
mexican,-51.54,-21.541
southern_us,5.0312,90.158
french,55.918,-0.74708
chinese,31.12,-55.789
southern_us,-81.376,-38.76
italian,-67.676,-21.052
french,-22.145,86.4
italian,-9.0238,96.707
italian,-70.242,-21.632
british,94.953,-6.5421
southern_us,83.652,-39.12
thai,-63.103,-20.546
italian,26.416,-68.286
vietnamese,-65.901,-20.743
korean,-80.325,-28.931
southern_us,45.156,-18.612
chinese,60.782,-53.828
greek,93.424,7.3159
french,76.835,-45.227
brazilian,9.3728,83.274
southern_us,-55.761,-20.971
brazilian,55.284,-55.843
french,-75.667,-24.18
cajun_creole,82.265,-40.601
mexican,58.48,15.623
southern_us,68.873,-50.364
greek,31.923,-52.011
chinese,93.576,6.1707
greek,78.227,-44.168
french,-62.667,-20.551
mexican,25.577,-69.454
southern_us,-77.684,-25.781
vietnamese,-69.047,-53.896
japanese,20.823,63.182
greek,52.287,-7.6837
italian,-18.028,91.684
italian,30.33,-58.835
cajun_creole,-76.897,-46.698
korean,95.013,-7.884
mexican,-73.903,-50.017
japanese,37.3,-33.903
jamaican,82.033,-41.097
mexican,36.138,-36.977
thai,78.008,-44.344
japanese,66.072,-51.591
southern_us,29.82,-60.57
mexican,78.386,40.175
indian,-79.848,-42.478
cajun_creole,36.331,-36.275
chinese,34.079,-43.515
indian,-81.767,-36.658
italian,92.758,10.006
thai,28.05,-65.256
italian,75.12,44.458
mexican,-50.347,-21.745
moroccan,72.37,-48.205
vietnamese,-20.384,89.144
japanese,-53.2,-21.298
mexican,-7.8421,96.766
french,-74.086,-49.847
southern_us,82.792,33.488
southern_us,-81.226,-39.228
italian,-81.415,-37.843
italian,93.207,-20.451
italian,52.978,-6.6557
mexican,75.651,-46.083
british,31.018,-56.21
spanish,75.046,-46.502
greek,64.692,-52.213
japanese,-77.564,-46.226
italian,54.255,-56.033
italian,30.499,-58.217
spanish,27.661,-66.063
korean,28.482,-64.527
cajun_creole,93.665,-18.597
italian,68.628,-50.223
french,31.771,-52.996
indian,-4.0452,96.307
spanish,37.195,-34.169
indian,92.965,9.2246
thai,74.393,-46.808
cajun_creole,-64.789,-20.415
french,52.302,-7.8769
japanese,38.375,-31.32
mexican,-76.831,-25.05
italian,56.83,24.559
korean,21.543,62.088
italian,57.817,19.791
thai,-78.094,-26.173
mexican,34.228,-42.991
british,94.905,-9.2048
greek,54.769,-55.901
indian,55.135,-2.4742
indian,37.817,-32.635
southern_us,-79.822,-42.534
japanese,68.891,-50.146
spanish,58.616,11.403
brazilian,34.946,-40.603
indian,-77.749,-45.825
moroccan,-79.364,-43.342
british,88.309,-32.547
italian,-19.224,-6.1779
indian,-67.796,-21.075
mexican,-68.05,-54.581
indian,45.379,-18.26
french,93.916,4.8743
southern_us,28.123,-65.1
italian,-71.876,-22.216
indian,57.776,19.995
cajun_creole,9.0,84.017
thai,58.38,16.453
italian,69.65,50.947
mexican,-69.746,-21.685
mexican,42.898,-22.329
southern_us,49.105,-12.58
french,58.127,6.7481
brazilian,-69.427,-53.878
mexican,-79.487,-27.552
japanese,-65.509,-20.688
brazilian,48.002,-13.946
chinese,-76.445,-24.75
mexican,-66.164,-55.77
mexican,78.293,-44.115
greek,34.914,-40.702
spanish,33.947,-43.999
thai,42.135,-23.675
vietnamese,-69.231,-53.942
indian,-64.846,-20.824
thai,-19.992,89.664
thai,52.883,-56.494
cajun_creole,31.187,-55.504
mexican,-70.324,-52.9
southern_us,56.647,-55.299
french,-0.2511,94.818
thai,37.028,-34.59
chinese,-3.9529,96.288
chinese,25.3,-69.797
french,-65.318,-20.69
italian,48.499,-13.439
moroccan,40.836,-26.078
southern_us,35.001,-40.431
korean,30.956,-56.451
french,27.043,-67.224
chinese,34.945,-40.605
vietnamese,42.397,-23.198
italian,-81.731,-37.905
indian,48.325,-13.75
italian,-76.976,-46.885
spanish,58.228,7.4348
thai,-77.325,-46.688
southern_us,55.709,-55.611
indian,46.676,-16.243
italian,-78.77,-26.869
southern_us,-64.853,-56.537
italian,-76.189,-47.693
mexican,89.01,-31.252
italian,-80.696,-40.581
indian,-79.965,-28.248
mexican,44.271,-20.039
italian,40.701,-26.33
southern_us,-80.323,-28.897
southern_us,49.088,-12.604
mexican,52.998,-56.224
italian,-78.659,-26.749
chinese,27.439,-66.494
vietnamese,-66.054,-55.726
indian,29.698,-60.954
italian,-66.085,-20.776
thai,-74.566,-49.382
mexican,-65.28,-56.44
chinese,32.317,-50.624
chinese,26.667,-67.882
mexican,57.955,5.7956
italian,91.904,-24.34
italian,30.833,-56.936
thai,63.007,58.577
southern_us,83.153,-39.626
japanese,44.767,-19.231
southern_us,32.162,-51.833
italian,-11.083,96.282
mexican,-70.283,-53.013
mexican,69.372,-49.929
greek,-67.659,-54.832
italian,85.703,-36.548
thai,31.634,-53.598
italian,70.781,-49.138
mexican,34.076,-43.526
italian,-72.458,-51.283
southern_us,33.39,-45.557
greek,-13.48,95.308
indian,-77.345,-46.666
southern_us,-74.357,-49.586
thai,56.023,25.927
spanish,90.92,-27.241
southern_us,94.11,3.6794
chinese,94.543,-1.3688
vietnamese,53.233,-6.2109
irish,53.3,-56.365
italian,72.857,-47.91
italian,-69.878,-21.348
mexican,25.822,-69.133
southern_us,40.394,-27.367
italian,29.667,-61.046
cajun_creole,28.479,-64.554
indian,82.775,-40.388
korean,-65.037,-20.517
french,30.172,-59.39
southern_us,-69.231,-53.592
brazilian,57.389,21.654
southern_us,61.088,-53.694
filipino,-81.494,-37.42
mexican,-58.776,-20.717
mexican,87.204,-34.349
mexican,58.378,-54.71
jamaican,48.603,-13.336
french,-22.811,85.047
mexican,-69.557,-21.441
italian,94.52,-13.587
italian,31.085,-55.932
chinese,-76.557,-47.294
italian,34.59,-41.755
mexican,44.247,-20.079
french,39.768,-28.388
filipino,31.099,-55.874
russian,-69.909,-21.358
mexican,68.354,-50.468
irish,-64.25,-20.376
italian,-11.102,96.276
southern_us,59.543,-54.276
italian,-77.213,-46.246
french,-78.41,-44.871
mexican,-80.543,-29.478
southern_us,-63.61,-20.547
italian,94.603,-12.805
greek,33.164,-47.036
thai,-55.661,-20.982
italian,76.955,42.106
italian,29.919,-60.242
indian,30.092,-59.665
mexican,-81.031,-39.761
mexican,65.064,-52.064
italian,51.568,-56.681
italian,91.366,-26.17
mexican,-54.823,-21.196
italian,-79.982,-28.632
indian,51.869,-8.48
indian,28.28,-64.46
spanish,54.519,-3.7522
vietnamese,28.249,-64.52
japanese,37.244,-34.042
mexican,56.055,0.037801
italian,53.227,-56.201
southern_us,-70.745,-52.656
french,72.409,-48.182
indian,60.545,-54.073
chinese,-74.828,-23.605
mexican,-78.007,-26.089
russian,32.955,-47.903
italian,29.008,-62.92
italian,86.117,-35.982
italian,52.114,-8.104
cajun_creole,81.485,35.488
moroccan,-80.725,-40.517
mexican,-79.635,-27.775
indian,36.336,-36.944
cajun_creole,37.03,-34.583
cajun_creole,-57.285,-20.819
italian,94.459,-14.123
japanese,34.246,-42.922
mexican,86.68,-35.157
mexican,94.834,-2.6433
mexican,-81.762,-36.549
vietnamese,63.338,58.192
southern_us,78.3,-44.109
french,31.27,-55.146
french,-22.267,86.078
chinese,-76.955,-25.149
southern_us,26.202,-68.61
southern_us,94.483,-13.912
moroccan,-58.172,-20.751
italian,42.741,-22.591
indian,33.866,-44.298
cajun_creole,58.498,9.6352
british,52.516,-7.5413
southern_us,-51.926,-21.484
thai,-64.981,-56.429
russian,60.677,61.245
southern_us,44.603,-19.496
mexican,-73.982,-23.161
spanish,52.198,-56.565
moroccan,55.849,-0.90467
italian,52.371,-56.528
mexican,-66.409,-55.634
southern_us,58.221,7.3841
indian,-64.231,-20.772
italian,29.294,-62.135
irish,58.416,8.8769
italian,48.14,-14.303
french,33.62,-45.606
italian,32.467,-49.98
mexican,-81.339,-38.88
french,-74.518,-23.496
italian,57.187,22.421
mexican,56.287,-0.16562
indian,-81.843,-37.446
british,31.833,-52.734
italian,-68.2,-21.151
filipino,-65.485,-55.973
indian,-2.9193,95.954
southern_us,58.021,6.0423
korean,39.555,-28.644
southern_us,44.776,-19.214
irish,92.84,9.7024
british,-78.248,-45.111
southern_us,44.574,-19.542
japanese,34.201,-43.08
southern_us,-21.918,86.761
cajun_creole,94.935,-8.5337
filipino,34.715,-41.342
chinese,53.893,-4.9537
greek,-82.041,41.745
russian,22.108,61.435
southern_us,-69.232,-53.591
southern_us,37.559,-33.252
southern_us,51.784,-8.6106
cajun_creole,83.274,-39.751
indian,42.589,-22.86
mexican,42.164,-23.62
indian,30.447,-58.41
mexican,91.914,12.93
italian,94.802,-10.746
mexican,-79.066,-27.185
italian,-79.83,-42.512
italian,31.614,-53.682
southern_us,29.247,-62.269
chinese,52.11,-8.1084
brazilian,58.839,-54.541
southern_us,73.795,-47.334
chinese,40.079,-28.022
mexican,33.424,-45.951
chinese,57.582,-54.98
italian,-79.501,-43.111
italian,56.869,23.958
british,-63.978,-20.464
southern_us,55.16,-55.913
italian,57.649,64.649
chinese,34.363,-42.516
mexican,74.386,-47.055
mexican,37.449,-33.523
italian,56.927,23.361
jamaican,-3.8277,96.255
cajun_creole,79.347,38.836
mexican,67.589,-50.856
chinese,40.444,-26.998
southern_us,33.056,-47.483
british,47.036,-15.691
thai,-78.25,-45.109
french,-74.62,-23.433
cajun_creole,39.807,-27.717
filipino,90.536,-28.112
southern_us,-81.489,-38.255
chinese,54.55,-55.948
italian,84.103,-38.583
southern_us,46.944,-15.835
mexican,56.981,2.1998
chinese,32.105,-51.533
italian,90.145,-28.972
southern_us,-17.722,92.203
thai,38.129,-31.891
greek,33.359,-45.885
chinese,57.049,22.925
mexican,-75.186,-23.85
brazilian,-22.424,86.096
mexican,51.919,-8.4042
italian,-69.059,-21.326
korean,79.936,37.983
mexican,45.598,-17.917
italian,56.532,0.73632
french,10.071,81.723
indian,67.488,-50.906
greek,92.757,10.011
moroccan,39.196,-29.445
greek,-72.953,49.168
italian,30.255,-59.101
italian,88.174,-32.766
southern_us,-58.248,-20.746
thai,27.76,-65.862
brazilian,-73.784,-50.124
italian,57.685,20.424
mexican,-81.72,-37.925
cajun_creole,-74.454,-23.402
italian,56.048,-0.46254
mexican,54.092,-4.611
italian,-72.327,-51.395
mexican,-68.69,-54.153
southern_us,89.944,-29.39
southern_us,45.908,-17.437
mexican,-23.131,84.248
italian,-77.361,-25.488
mexican,45.083,-18.725
russian,40.127,-27.925
italian,-0.46241,94.855
japanese,29.395,-61.853
greek,42.974,-22.199
chinese,-70.2,-21.616
southern_us,-79.856,-28.43
spanish,-70.905,-52.55
chinese,-8.965,96.715
vietnamese,59.231,-54.409
mexican,88.943,-31.382
thai,31.76,-53.046
chinese,53.358,-6.0192
italian,30.509,-58.18
french,57.929,-54.863
korean,26.729,-67.777
mexican,-76.089,-24.484
indian,26.417,-68.284
french,7.2381,87.057
mexican,94.943,-8.3023
italian,73.539,46.406
french,5.8085,89.199
italian,30.294,-58.963
japanese,-54.013,-21.188
japanese,94.854,-0.138
spanish,1.1049,93.913
italian,57.645,4.4021
french,91.041,-26.959
italian,-70.552,-52.941